title;price;discount;discount_price;release_date
Fortnite;Бесплатно;-;-;25.07.2017
Grand Theft Auto V;Недоступно по отдельности;-;-;-
Grand Theft Auto V: Premium Edition;29.99;33%;20.09;19.12.2017
Комплект «Grand Theft Auto V: Premium Edition и платежная карта «Белая акула»;44.99;-;-;19.12.2017
Grand Theft Auto V (Xbox One и Xbox Series X|S);59.99;-;-;15.06.2022
Комплект «Grand Theft Auto V: Premium Edition и платежная карта «Акула-кит»;59.99;-;-;19.12.2017
Комплект «Grand Theft Auto V: Premium Edition и платежная карта «Мегалодон»;89.99;-;-;19.12.2017
Kingdom of Aurelia: Mystery of the Poisoned Dagger;19.99;-;-;09.06.2023
Paratopic + Food Truck Tycoon;5.49;-;-;09.06.2023
Paratopic + Urban Flow;6.99;-;-;21.04.2023
Horror Bundle : Paratopic + Fatum Betula;9.99;-;-;02.03.2023
Aery - The Lost Hero;9.99;-;-;09.06.2023
Fatum Betula + Urban Flow;5.99;-;-;09.06.2023
Fatum Betula + Food Truck Tycoon;5.99;-;-;19.05.2023
Fatum Betula + Knights & Guns;6.99;-;-;14.04.2023
Dead Ground;4.99;20%;3.99;09.06.2023
Cat Souls;4.99;20%;3.99;09.06.2023
Banishers: Ghosts of New Eden;Недоступно по отдельности;-;-;-
Crossout – комплект «Сезон 11 Боевой пропуск»;9.99;-;-;08.06.2023
Crossout — Комплект «Шустрик»;Бесплатно;-;-;19.07.2022
Crossout — Cтартовый комплект «Чистильщик»;9.99;-;-;19.07.2022
Crossout - Комплект Бессонница;9.99;-;-;19.07.2022
Crossout — Cтартовый комплект «Кусака»;9.99;-;-;19.07.2022
Crossout – комплект «Сезон 11 Элитный боевой пропуск»;34.99;-;-;08.06.2023
Crossout – комплект «Стальной щит»;59.99;-;-;01.12.2022
Crossout – комплект «Сезон 11 Элитный боевой пропуск»;34.99;-;-;08.06.2023
Crossout — Комплект «Шустрик»;Бесплатно;-;-;19.07.2022
Crossout – комплект «Сезон 11 Боевой пропуск»;9.99;-;-;08.06.2023
Crossout — Cтартовый комплект «Чистильщик»;9.99;-;-;19.07.2022
Crossout - Комплект Бессонница;9.99;-;-;19.07.2022
Crossout — Cтартовый комплект «Кусака»;9.99;-;-;19.07.2022
Crossout – комплект «Стальной щит»;59.99;-;-;01.12.2022
World of Warships: Legends – Радость командира;Бесплатно;-;-;08.06.2023
World of Warships: Legends — Резвый старт 5;Бесплатно;-;-;13.04.2023
World of Warships: Legends — Объединённые силы;Бесплатно;-;-;13.12.2022
Tour de France 2023;49.99;-;-;08.06.2023
Street Fighter™ 6;59.99;-;-;02.06.2023
Street Fighter™ 6 Deluxe Edition;84.99;-;-;02.06.2023
Street Fighter™ 6 Ultimate Edition;104.99;-;-;02.06.2023
MotoGP™23;69.99;-;-;07.06.2023
A Painter's Tale: Curon, 1950;6.99;-;-;08.06.2023
Toodee And Topdee;19.99;-;-;07.06.2023
Nocturnal;19.99;-;-;07.06.2023
Garden City;4.99;-;-;07.06.2023
Grand Theft Auto V: Premium Edition;29.99;33%;20.09;19.12.2017
Комплект «Grand Theft Auto V: Premium Edition и платежная карта «Белая акула»;44.99;-;-;19.12.2017
Комплект «Grand Theft Auto V: Premium Edition и платежная карта «Акула-кит»;59.99;-;-;19.12.2017
Комплект «Grand Theft Auto V: Premium Edition и платежная карта «Мегалодон»;89.99;-;-;19.12.2017
Call of Duty®: Black Ops II;35.32;-;-;29.01.2013
PSO2:NGS - Sonic Collab: Suits/C-Space Edition;9.99;-;-;07.06.2023
PSO2:NGS - Beginners! Rappy Edition;11.98;-;-;15.12.2021
PSO2:NGS - Aelio Nadar Renewal Edition;14.99;-;-;08.06.2022
PSO2:NGS - Aelio Nager Renewal Edition;14.99;-;-;08.06.2022
PSO2:NGS - Crimson Lotus Stia/Type 1 Edition;19.99;-;-;06.12.2022
PSO2:NGS - Silver Peaks Kvaris Pack/Type 2 Edition;19.99;-;-;08.06.2022
PSO2:NGS - Silver Peaks Kvaris Pack/Type 1 Edition;19.99;-;-;08.06.2022
PSO2:NGS - Fiery Dunes Retem/Type 1 Edition;23.98;-;-;15.12.2021
PSO2:NGS - Fiery Dunes Retem/Type 2 Edition;23.98;-;-;15.12.2021
Terminal Velocity™: Boosted Edition;11.99;-;-;07.06.2023
SENSEs: Midnight;14.99;20%;11.99;07.06.2023
Listeria Wars;4.89;-;-;07.06.2023
Company of Heroes 3;59.99;-;-;06.06.2023
Company of Heroes 3: Premium Edition;79.99;-;-;06.06.2023
Amnesia: The Bunker;24.99;-;-;06.06.2023
Car Mechanic Simulator 2021;29.99;-;-;01.06.2023
Simulator XL Bundle;115.99;-;-;14.04.2022
Company of Heroes 3: Premium Edition;79.99;-;-;06.06.2023
Grand Theft Auto Online;19.99;-;-;14.03.2022
Grand Theft Auto V (Xbox Series X|S);39.99;50%;19.99;14.03.2022
Grand Theft Auto V (Xbox One и Xbox Series X|S);59.99;-;-;15.06.2022
World of Tanks;Бесплатно;-;-;06.06.2023
World of Warships: Legends — Объединённые силы;Бесплатно;-;-;13.12.2022
World of Tanks: Modern Armor — В едином порыве;Бесплатно;-;-;13.12.2022
Minecraft;Недоступно по отдельности;-;-;-
Minecraft: Deluxe Collection;29.99;-;-;06.12.2022
NBA 2K23 для Xbox One;29.99;75%;7.49;08.09.2022
NBA 2K23 Digital Deluxe Edition;44.99;-;-;08.09.2022
NBA 2K23 Michael Jordan Edition;59.99;65%;20.99;08.09.2022
Набор PGA TOUR 2K23 x NBA 2K23;99.99;70%;29.99;13.12.2022
No title;-;-;-;-
Destiny 2;Бесплатно;-;-;01.10.2019
Call of Duty: Black Ops III;Недоступно по отдельности;-;-;-
Издание Call of Duty®: BO III Zombies Chronicles;59.99;-;-;29.08.2017
Call of Duty®: Black Ops III - Zombies Deluxe;99.99;60%;39.99;29.08.2017
Street Fighter™ 6 Ultimate Edition;104.99;-;-;02.06.2023
Street Fighter™ 6;59.99;-;-;02.06.2023
Street Fighter™ 6 Deluxe Edition;84.99;-;-;02.06.2023
Grand Theft Auto V (Xbox One и Xbox Series X|S);59.99;-;-;15.06.2022
Grand Theft Auto Online;19.99;-;-;14.03.2022
Grand Theft Auto V: Premium Edition;29.99;33%;20.09;19.12.2017
Grand Theft Auto V (Xbox Series X|S);39.99;50%;19.99;14.03.2022
Комплект «Grand Theft Auto V: Premium Edition и платежная карта «Белая акула»;44.99;-;-;19.12.2017
Комплект «Grand Theft Auto V: Premium Edition и платежная карта «Акула-кит»;59.99;-;-;19.12.2017
Комплект «Grand Theft Auto V: Premium Edition и платежная карта «Мегалодон»;89.99;-;-;19.12.2017
NBA 2K23 Digital Deluxe Edition;44.99;-;-;08.09.2022
Street Fighter™ 6 Deluxe Edition;84.99;-;-;02.06.2023
Street Fighter™ 6;59.99;-;-;02.06.2023
Street Fighter™ 6 Ultimate Edition;104.99;-;-;02.06.2023
Apex Legends™;Бесплатно;-;-;04.02.2019
NBA 2K23 для Xbox Series X|S;39.99;80%;7.99;08.09.2022
NBA 2K23 Digital Deluxe Edition;44.99;-;-;08.09.2022
NBA 2K23 Michael Jordan Edition;59.99;65%;20.99;08.09.2022
Набор PGA TOUR 2K23 x NBA 2K23;99.99;70%;29.99;13.12.2022
Rocket League®;Бесплатно;-;-;17.02.2016
Fall Guys;Бесплатно;-;-;21.06.2022
We Love Katamari REROLL+ Royal Reverie;29.99;-;-;01.06.2023
We Love Katamari REROLL+ Royal Reverie Special Edition;39.99;-;-;02.06.2023
MINABO - A walk through life;14.99;-;-;02.06.2023
Call of Duty®: Modern Warfare®;Недоступно по отдельности;-;-;-
Call of Duty®: Modern Warfare® - Цифровое стандартное издание;59.99;-;-;24.10.2019
We Love Katamari REROLL+ Royal Reverie Special Edition;39.99;-;-;02.06.2023
Speed Truck Racing;9.99;-;-;02.06.2023
Tom Clancy's Rainbow Six® Siege;Недоступно по отдельности;-;-;-
Tom Clancy's Rainbow Six® Осада Deluxe Edition;39.99;67%;13.19;07.03.2023
"Tom Clancy's Rainbow Six® Эвакуация: набор ""Единый""";59.99;70%;17.99;19.01.2022
Tom Clancy's Rainbow Six® Осада Operator Edition;79.99;-;-;07.03.2023
Tom Clancy's Rainbow Six® Осада Ultimate Edition;99.99;45%;54.99;07.03.2023
DRAGON BALL XENOVERSE 2;59.99;-;-;28.10.2016
Dragon Ball Xenoverse 1 and 2 Bundle;84.99;85%;12.74;28.10.2016
Kuroi Tsubasa;4.99;20%;3.99;02.06.2023
Trackmania®;Бесплатно;-;-;15.05.2023
Slayers X: Terminal Aftermath: Vengance of the Slayer;16.99;10%;15.29;01.06.2023
Hypnospace Outlaw & Slayers X: Terminal Aftermath: Vengance of the Slayer Bundle;33.49;-;-;01.06.2023
Overwatch® 2;Бесплатно;-;-;24.05.2016
Sugar Tanks;9.99;-;-;02.06.2023
Paper Flight - Beyond Time;9.99;-;-;02.06.2023
Away : The Survival Series;19.99;-;-;01.06.2023
Mortal Kombat 11;49.99;80%;9.99;23.04.2019
Ultimate-издание Mortal Kombat 11;59.99;-;-;17.11.2020
Комплект: Ultimate-издание MK11 + Injustice 2 - лег. Издание;99.99;85%;14.99;24.03.2021
Grand Theft Auto V (Xbox Series X|S);39.99;50%;19.99;14.03.2022
Grand Theft Auto Online;19.99;-;-;14.03.2022
Grand Theft Auto V (Xbox One и Xbox Series X|S);59.99;-;-;15.06.2022
Homebody;19.99;-;-;01.06.2023
Zombie Derby 2;4.99;10%;4.49;01.06.2023
Hypnospace Outlaw & Slayers X: Terminal Aftermath: Vengance of the Slayer Bundle;33.49;-;-;01.06.2023
Farworld Pioneers;14.99;-;-;30.05.2023
Call of Duty®: Black Ops;24.45;-;-;09.11.2010
The Sims™ 4;Недоступно по отдельности;-;-;-
Undead Horde 2: Necropolis;16.99;-;-;31.05.2023
The Tartarus Key;19.99;-;-;31.05.2023
Aquarist;14.99;-;-;31.05.2023
Lucy Dreaming;17.99;-;-;31.05.2023
Puzzle Quest 3;Бесплатно;-;-;31.05.2023
Puzzle by Nikoli W Yajilin;4.99;-;-;31.05.2023
Forza Horizon 5: стандартное издание;49.98;50%;24.99;08.11.2021
Forza Horizon 5: deluxe-издание;66.65;50%;33.32;08.11.2021
Forza Horizon 5: premium-издание;83.32;50%;41.66;04.11.2021
No Place Like Home;Недоступно по отдельности;-;-;-
Assassin's Creed® Мираж – Deluxe Edition;59.99;-;-;11.10.2023
Assassin's Creed® Мираж;49.99;-;-;11.10.2023
No title;-;-;-;-
A Building Full of Cats;2.99;20%;2.39;31.05.2023
Railbound;12.99;-;-;30.05.2023
Fritz - Don't call me a chess bot;19.99;-;-;31.05.2023
Age of Solitaire : Build Civilization;9.99;-;-;31.05.2023
Shame Legacy;34.99;-;-;30.05.2023
LASERPITIUM;14.99;20%;11.99;31.05.2023
Shame Legacy Xbox One Edition;29.99;-;-;30.05.2023
To Hell With The Ugly;19.99;-;-;30.05.2023
theHunter: Call of the Wild;29.99;-;-;02.10.2017
theHunter: Call of the Wild™ — Greenhorn Bundle;39.99;-;-;21.12.2022
theHunter: Call of the Wild™ — Seasoned Hunter Bundle;49.99;-;-;21.11.2022
theHunter: Call of the Wild™ - Master Hunter Bundle;59.99;-;-;21.11.2022
Rust Console Edition;49.99;-;-;21.05.2021
RUST Console Edition - Deluxe;59.99;-;-;21.05.2021
Rust Console Edition - Ultimate;79.99;-;-;21.05.2021
Call of Duty®: Black Ops Cold War;Недоступно по отдельности;-;-;-
Call of Duty®: Black Ops Cold War;59.99;-;-;16.12.2020
Call of Duty®: Black Ops Cold War - набор 'Два поколения';69.99;60%;27.99;16.12.2020
Chicory: Цветная сказка;19.99;-;-;30.05.2023
Five Nights at Freddy's: Security Breach;39.99;-;-;22.11.2022
Dead Island 2;69.99;20%;55.99;20.04.2023
DEAD ISLAND 2 DELUXE EDITION;74.99;-;-;20.04.2023
DEAD ISLAND 2 GOLD EDITION;89.99;-;-;20.04.2023
STAR WARS™ Episode I Racer;14.99;-;-;27.10.2020
Loop8: Summer of Gods;49.99;-;-;05.06.2023
Red Dead Redemption 2;59.99;67%;19.79;26.10.2018
Red Dead Online;19.99;50%;9.99;01.12.2020
Сюжетный режим Red Dead Redemption 2 и материалы из издания Ultimate Edition;79.99;-;-;01.12.2020
Red Dead Redemption 2: Ultimate Edition;99.99;-;-;26.10.2018
Grand Theft Auto Online;Недоступно по отдельности;-;-;-
Grand Theft Auto Online;19.99;-;-;14.03.2022
Grand Theft Auto V (Xbox Series X|S);39.99;50%;19.99;14.03.2022
Grand Theft Auto V (Xbox One и Xbox Series X|S);59.99;-;-;15.06.2022
Grand Theft Auto IV;16.29;-;-;06.07.2010
MLB® The Show™ 23 Xbox Series X|S;Недоступно по отдельности;-;-;-
MLB® The Show™ 23 для Xbox Series X|S;69.99;30%;48.99;28.03.2023
MLB® The Show™ 23: Эксклюзивное цифровое издание - Xbox One и Xbox Series X|S;99.99;20%;79.99;28.03.2023
ELDEN RING;69.99;-;-;25.02.2022
ELDEN RING Deluxe Edition;89.99;-;-;25.02.2022
Adios;21.58;-;-;17.03.2021
Halo Infinite;Бесплатно;-;-;15.11.2021
Halo Infinite (кампания);59.99;50%;29.99;08.12.2021
War Thunder;Бесплатно;-;-;23.10.2018
War Thunder - Комплект Новобранца Германии;4.99;-;-;30.06.2022
War Thunder - Стартовый комплект США;4.99;-;-;23.10.2018
War Thunder - Стартовый комплект СССР;5.99;-;-;30.06.2022
"War Thunder - Комплект ""Боевая тревога""";44.99;-;-;27.08.2020
War Thunder - Комплект Type 16 (FPS);59.99;-;-;07.03.2023
War Thunder - Комплект USS Des Moines;59.99;-;-;07.03.2023
War Thunder - Комплект F-4S Phantom II;69.99;-;-;07.03.2023
The Lord of the Rings: Gollum™;59.99;-;-;25.05.2023
The Lord of the Rings: Gollum™ - Precious Edition;69.99;-;-;25.05.2023
Forza Horizon 5;Недоступно по отдельности;-;-;-
Forza Horizon 5: стандартное издание;49.98;50%;24.99;08.11.2021
Forza Horizon 5: deluxe-издание;66.65;50%;33.32;08.11.2021
Forza Horizon 5: premium-издание;83.32;50%;41.66;04.11.2021
Комплект premium-изданий Forza Horizon 4 и Forza Horizon 5;199.99;70%;59.99;16.11.2022
ARK: Ultimate Survivor Edition;49.99;-;-;27.05.2021
Hoa;14.99;-;-;24.08.2021
Dead by Daylight;29.99;50%;14.99;23.06.2017
Dead by Daylight: Silent Hill Edition;49.99;40%;29.99;16.06.2020
Dead by Daylight: ULTIMATE EDITION;69.99;40%;41.99;04.08.2021
High On Life;59.99;25%;44.99;13.12.2022
Sea of Thieves 2023 Edition;39.99;50%;19.99;19.03.2018
Sea of Thieves Deluxe Edition;49.99;50%;24.99;15.03.2023
Minecraft: Deluxe Collection;29.99;-;-;06.12.2022
Assassin's Creed® Вальгалла;59.99;75%;14.99;10.11.2020
Assassin's Creed® Вальгалла Deluxe Edition;79.99;-;-;05.08.2021
Assassin's Creed Вальгалла Ragnarök Edition;99.99;-;-;09.04.2022
Набор Assassin's Creed Вальгалла + Immortals Fenyx Rising;109.99;75%;27.49;15.03.2021
Набор Assassin’s Creed Вальгалла + Watch Dogs: Legion;129.99;75%;32.49;08.02.2021
Assassin's Creed Вальгалла Complete Edition;139.99;-;-;09.04.2022
"Assassin's Creed - набор ""Мифология""";159.99;75%;39.99;09.01.2022
Red Dead Redemption 2;Недоступно по отдельности;-;-;-
Red Dead Online;19.99;50%;9.99;01.12.2020
Red Dead Redemption 2;59.99;67%;19.79;26.10.2018
Red Dead Redemption 2: Ultimate Edition;99.99;-;-;26.10.2018
Tom Clancy's Rainbow Six® Осада Deluxe Edition;39.99;67%;13.19;07.03.2023
Tom Clancy's Rainbow Six® Осада Operator Edition;79.99;-;-;07.03.2023
Tom Clancy's Rainbow Six® Осада Ultimate Edition;99.99;45%;54.99;07.03.2023
Halo: Коллекция Мастера Чифа;39.98;75%;9.99;14.11.2019
UFC® 4;59.99;80%;11.99;13.08.2020
UFC® 4 Издание Deluxe;69.99;80%;13.99;19.11.2020
Farming Simulator 22;49.99;-;-;21.11.2021
Farming Simulator 22 - Platinum Edition;59.99;-;-;14.11.2022
Farming Simulator 22 - YEAR 1 Bundle;87.99;-;-;21.11.2021
Gang Beasts;19.99;-;-;27.03.2019
Redfall;69.99;-;-;02.05.2023
Redfall Bite Back Edition;99.99;-;-;02.05.2023
Издание Diablo® Prime Evil Collection;59.99;-;-;23.09.2021
Diablo® II: Resurrected™;39.99;-;-;23.09.2021
Издание Diablo® Prime Evil;49.99;-;-;23.09.2021
ARK: Survival Evolved;19.99;-;-;29.08.2017
ARK: Ultimate Survivor Edition;49.99;-;-;27.05.2021
Resident Evil 4;59.99;-;-;23.03.2023
Resident Evil 4 Deluxe Edition;69.99;-;-;24.03.2023
No title;-;-;-;-
Red Dead Online;19.99;50%;9.99;01.12.2020
Red Dead Redemption 2;59.99;67%;19.79;26.10.2018
Red Dead Redemption 2: Ultimate Edition;99.99;-;-;26.10.2018
Who's Your Daddy?!;9.99;-;-;05.01.2022
FIFA 22 Xbox One;Недоступно по отдельности;-;-;-
No title;-;-;-;-
Grand Theft Auto: The Trilogy – The Definitive Edition;59.99;50%;29.99;11.11.2021
STAR WARS™ Battlefront™ II;19.99;-;-;17.11.2017
STAR WARS™ Battlefront™ II: Праздничное издание;39.99;75%;9.99;05.12.2019
ТРОЙНОЙ КОМПЛЕКТ EA STAR WARS™;89.99;-;-;03.12.2020
Monster Hunter Rise;39.99;50%;19.99;19.01.2023
Monster Hunter Rise Deluxe Edition;49.99;50%;24.99;20.01.2023
Monster Hunter Rise + Sunbreak;59.99;-;-;28.04.2023
Monster Hunter Rise + Sunbreak Deluxe;69.99;-;-;28.04.2023
Left 4 Dead 2;Недоступно по отдельности;-;-;-
Halo Infinite (кампания);59.99;50%;29.99;08.12.2021
NBA 2K23 Michael Jordan Edition;59.99;65%;20.99;08.09.2022
NBA 2K23 Digital Deluxe Edition;44.99;-;-;08.09.2022
Набор PGA TOUR 2K23 x NBA 2K23;99.99;70%;29.99;13.12.2022
WWE 2K23 для Xbox One;59.99;33%;40.19;16.03.2023
Издание WWE 2K23 Cross-Gen Digital;69.99;33%;46.89;16.03.2023
Издание WWE 2K23 Deluxe;99.99;-;-;13.03.2023
Издание WWE 2K23 Icon;119.99;33%;80.39;13.03.2023
PUBG: BATTLEGROUNDS;Бесплатно;-;-;04.09.2018
Assassin's Creed® IV Black Flag™;29.99;60%;11.99;28.08.2014
Набор AC: Черный флаг, Единство, Синдикат;89.99;-;-;26.04.2016
Call of Duty®: Black Ops Cold War;59.99;-;-;16.12.2020
Call of Duty®: Black Ops Cold War - набор 'Два поколения';69.99;60%;27.99;16.12.2020
Red Dead Redemption;16.29;-;-;21.05.2010
Assassin’s Creed Единство;29.99;-;-;13.11.2014
Набор AC: Черный флаг, Единство, Синдикат;89.99;-;-;26.04.2016
Red Dead Redemption 2: Ultimate Edition;99.99;-;-;26.10.2018
Red Dead Online;19.99;50%;9.99;01.12.2020
Red Dead Redemption 2;59.99;67%;19.79;26.10.2018
Сюжетный режим Red Dead Redemption 2 и материалы из издания Ultimate Edition;79.99;-;-;01.12.2020
Cyberpunk 2077;Недоступно по отдельности;-;-;-
Rec Room;Бесплатно;-;-;03.12.2020
Mortal Kombat XL;19.99;80%;3.99;01.03.2016
Dying Light 2 Stay Human;59.99;50%;29.99;04.02.2022
Infected Cowboys Bundle;69.99;-;-;21.05.2023
True Survivors Bundle;79.99;-;-;23.05.2023
Dying Light 2 Stay Human - Deluxe Edition;79.99;-;-;03.02.2022
Dying Light 2 Stay Human - Ultimate Edition;99.99;30%;69.99;03.02.2022
Assassin's Creed® The Ezio Collection;49.99;-;-;17.11.2016
Five Nights at Freddy's: Original Series;31.49;-;-;29.10.2020
Fallout: New Vegas;9.99;70%;2.99;19.04.2011
HITMAN World of Assassination;69.99;50%;34.99;20.01.2022
Plants vs. Zombies™ Garden Warfare 2;19.99;-;-;23.02.2016
Plants vs. Zombies™ Garden Warfare 2: Deluxe Edition;24.99;-;-;23.02.2016
Семейный набор от EA;39.99;-;-;28.12.2016
Grounded;39.99;33%;26.79;27.09.2022
Madden NFL 21 Xbox One;Недоступно по отдельности;-;-;-
Call of Duty®: WWII;Недоступно по отдельности;-;-;-
Call of Duty®: WWII - Gold Edition;59.99;-;-;08.05.2018
Call of Duty®: WWII - Digital Deluxe;99.99;-;-;03.11.2017
Call of Duty®: Black Ops Cold War - Xbox Series X|S;Недоступно по отдельности;-;-;-
Call of Duty®: Black Ops Cold War - набор 'Два поколения';69.99;60%;27.99;16.12.2020
No title;-;-;-;-
Call of Duty®: Modern Warfare® - Цифровое стандартное издание;59.99;-;-;24.10.2019
LEGO® Звездные Войны™: Скайуокер. Сага;Недоступно по отдельности;-;-;-
LEGO® Звездные Войны™: Скайуокер. Сага;59.99;-;-;04.04.2022
LEGO® Звездные Войны™: Скайуокер. Сага - Deluxe;69.99;-;-;04.04.2022
Call of Duty®: Black Ops III - Zombies Deluxe;99.99;60%;39.99;29.08.2017
Call of Duty®: World at War;16.29;-;-;21.08.2014
Комплект «Grand Theft Auto V: Premium Edition и платежная карта «Белая акула»;44.99;-;-;19.12.2017
Grand Theft Auto V: Premium Edition;29.99;33%;20.09;19.12.2017
Комплект «Grand Theft Auto V: Premium Edition и платежная карта «Акула-кит»;59.99;-;-;19.12.2017
Комплект «Grand Theft Auto V: Premium Edition и платежная карта «Мегалодон»;89.99;-;-;19.12.2017
Assassin's Creed® Мираж;Недоступно по отдельности;-;-;-
Assassin's Creed® Мираж;49.99;-;-;11.10.2023
Assassin's Creed® Мираж – Deluxe Edition;59.99;-;-;11.10.2023
No title;-;-;-;-
ЗВЁЗДНЫЕ ВОЙНЫ Джедаи: Павший Орден™;49.99;-;-;15.11.2019
ЗВЁЗДНЫЕ ВОЙНЫ Джедаи: Павший Орден™ - издание Deluxe;59.99;-;-;14.11.2019
ТРОЙНОЙ КОМПЛЕКТ EA STAR WARS™;89.99;-;-;03.12.2020
DRAGON BALL FIGHTERZ;59.99;-;-;26.01.2018
DRAGON BALL FIGHTERZ - FighterZ Edition;94.99;85%;14.24;26.01.2018
DRAGON BALL FIGHTERZ - Ultimate Edition;109.99;-;-;26.01.2018
BATMAN™: Рыцарь Аркхема;19.99;-;-;23.06.2015
Batman: Рыцарь Аркхема (Premium Edition);39.99;80%;7.99;23.06.2015
Batman: Коллекция Аркхема;59.99;80%;11.99;27.11.2018
Demon Slayer -Kimetsu no Yaiba- The Hinokami Chronicles;Недоступно по отдельности;-;-;-
Demon Slayer -Kimetsu no Yaiba- The Hinokami Chronicles;56.99;-;-;29.10.2021
Demon Slayer -Kimetsu no Yaiba- The Hinokami Chronicles Digital Deluxe Edition;66.99;50%;33.49;29.10.2021
Tom Clancy's The Division® 2;29.99;70%;8.99;15.03.2019
The Division 2 - Warlords of New York Edition;59.99;-;-;02.04.2020
The Division 2 - Warlords of New York - Ultimate Edition;79.99;70%;23.99;02.04.2020
Warhammer 40,000: Boltgun;21.99;-;-;23.05.2023
Fallout 4;19.99;67%;6.59;10.11.2015
Fallout 4: Game of the Year Edition;39.99;75%;9.99;26.09.2017
Skyrim Anniversary Edition + Fallout 4 G.O.T.Y Bundle;79.99;60%;31.99;02.01.2022
No title;-;-;-;-
Call of Duty®: Modern Warfare® 2;24.45;-;-;10.11.2009
Microsoft Flight Simulator;Недоступно по отдельности;-;-;-
Microsoft Flight Simulator Standard 40th Anniversary Edition;59.99;-;-;11.11.2022
Microsoft Flight Simulator Deluxe 40th Anniversary Edition;89.99;-;-;11.11.2022
Microsoft Flight Simulator Premium Deluxe 40th Anniversary Edition;119.99;-;-;11.11.2022
Grand Theft Auto: San Andreas – The Definitive Edition;Недоступно по отдельности;-;-;-
Grand Theft Auto: The Trilogy – The Definitive Edition;59.99;50%;29.99;11.11.2021
DRAGON BALL Z: KAKAROT;69.99;-;-;16.01.2020
DRAGON BALL Z: KAKAROT Deluxe Edition;89.99;75%;22.49;16.01.2020
DRAGON BALL Z: KAKAROT Legendary Edition;119.99;-;-;03.02.2023
Hell Let Loose;44.99;-;-;05.10.2021
Издание WWE 2K23 Deluxe;99.99;-;-;13.03.2023
Издание WWE 2K23 Icon;119.99;33%;80.39;13.03.2023
Mortal Kombat (2011);Недоступно по отдельности;-;-;-
It Takes Two — версия для друга;Бесплатно;-;-;25.03.2021
It Takes Two — Цифровая версия;39.99;-;-;25.03.2021
Assassin's Creed® Одиссея;59.99;-;-;05.10.2018
Assassin's Creed® Одиссея – DELUXE EDITION;79.99;80%;15.99;05.10.2018
Assassin's Creed® Одиссея – GOLD EDITION;99.99;-;-;05.10.2018
Assassin's Creed® Одиссея – ULTIMATE EDITION;119.99;80%;23.99;05.10.2018
"Assassin's Creed - набор ""Мифология""";159.99;75%;39.99;09.01.2022
Call of Duty®: Modern Warfare® 3;24.45;-;-;26.03.2012
Brawlhalla;Бесплатно;-;-;06.11.2018
Far Cry® 5;59.99;-;-;27.03.2018
Набор Far Cry® 5 + Far Cry® New Dawn Deluxe Edition;99.99;85%;14.99;15.02.2019
Far Cry® 5 Gold Edition;124.99;85%;18.74;27.03.2018
Набор Far Cry® 5 Gold Edition + Far Cry ® New Dawn Deluxe Edition;129.99;85%;19.49;15.02.2019
FAR CRY ANTHOLOGY BUNDLE;149.99;75%;37.49;23.10.2021
Mortal Kombat X;19.99;-;-;14.04.2015
Mortal Kombat XL;19.99;80%;3.99;01.03.2016
State of Decay 2: Juggernaut Edition;8.59;50%;4.29;21.05.2018
Call of Duty®: Black Ops 4;59.99;-;-;07.05.2019
Call of Duty®: Black Ops 4 - Digital Deluxe;99.99;60%;39.99;12.10.2018
UFC® 4 Издание Deluxe;69.99;80%;13.99;19.11.2020
NARUTO SHIPPUDEN: Ultimate Ninja STORM 4;29.99;75%;7.49;05.02.2016
NARUTO SHIPPUDEN: Ultimate Ninja STORM 4 Road to Boruto;49.99;-;-;03.02.2017
NARUTO SHIPPUDEN: Ultimate Ninja STORM Legacy;69.99;-;-;25.08.2017
Skate 3;16.29;-;-;23.09.2014
Forza Horizon 4: стандартное издание;49.98;67%;16.49;01.10.2018
Forza Horizon 4: deluxe-издание;66.65;65%;23.32;01.10.2018
Forza Horizon 4: ultimate-издание;83.32;65%;29.16;01.10.2018
MLB® The Show™ 23 для Xbox One;59.99;35%;38.99;28.03.2023
MLB® The Show™ 23 для Xbox Series X|S;69.99;30%;48.99;28.03.2023
MLB® The Show™ 23: Эксклюзивное цифровое издание - Xbox One и Xbox Series X|S;99.99;20%;79.99;28.03.2023
Cities: Skylines - Remastered;39.99;-;-;15.02.2023
NARUTO TO BORUTO: SHINOBI STRIKER;59.99;-;-;31.08.2018
NARUTO TO BORUTO: SHINOBI STRIKER Deluxe Edition;89.99;-;-;31.08.2018
Call of Duty®: WWII - Gold Edition;59.99;-;-;08.05.2018
Call of Duty®: WWII - сезонный абонемент;49.99;-;-;03.11.2017
Call of Duty®: WWII - Digital Deluxe;99.99;-;-;03.11.2017
Rust - Боевой комплект «Темный камуфляж»;5.49;-;-;24.11.2022
Friday the 13th: The Game;14.99;-;-;26.05.2017
Microsoft Flight Simulator Standard 40th Anniversary Edition;59.99;-;-;11.11.2022
Microsoft Flight Simulator Deluxe 40th Anniversary Edition;89.99;-;-;11.11.2022
Microsoft Flight Simulator Premium Deluxe 40th Anniversary Edition;119.99;-;-;11.11.2022
Grand Theft Auto: San Andreas;-;-;-;-
The Crew® 2;49.99;-;-;29.06.2018
The Crew® 2 Special Edition;59.99;-;-;06.07.2021
The Crew® 2 Gold Edition;89.99;90%;8.99;07.07.2021
Ultimate-издание Mortal Kombat 11;59.99;-;-;17.11.2020
Saints Row;62.99;-;-;22.08.2022
Saints Row Gold Edition;89.99;50%;44.99;22.08.2022
Saints Row Platinum Edition;99.99;50%;49.99;22.08.2022
NBA 2K17;-;-;-;-
Wo Long: Fallen Dynasty;59.99;-;-;03.03.2023
Wo Long: Fallen Dynasty Digital Deluxe Edition;84.99;-;-;03.03.2023
Assassin's Creed® Мираж;49.99;-;-;11.10.2023
Assassin's Creed® Мираж – Deluxe Edition;59.99;-;-;11.10.2023
Assassin's Creed® III Обновленная версия;39.99;-;-;29.03.2019
Assassin's Creed® Одиссея – GOLD EDITION;99.99;-;-;05.10.2018
No title;-;-;-;-
Vigor;Бесплатно;-;-;19.08.2019
Vigor: Rise from the Dust Pack;9.99;-;-;22.09.2021
The Elder Scrolls V: Skyrim Special Edition;39.99;-;-;28.10.2016
The Elder Scrolls V: Skyrim Anniversary Edition;49.99;60%;19.99;11.11.2021
Skyrim Anniversary Edition + Fallout 4 G.O.T.Y Bundle;79.99;60%;31.99;02.01.2022
MLB® The Show™ 22 Xbox One;Недоступно по отдельности;-;-;-
MLB® The Show™ 22 для Xbox One;59.99;-;-;05.04.2022
MLB® The Show™ 22 для Xbox Series X|S;69.99;-;-;05.04.2022
MLB® The Show™ 22: Издание MVP - Xbox One and Xbox Series X|S;84.99;-;-;05.04.2022
MLB® The Show™ 22: Эксклюзивное цифровое издание - Xbox One and Xbox Series X|S;99.99;-;-;05.04.2022
Borderlands 3;59.99;85%;8.99;13.09.2019
Borderlands 3: Next Level Edition;69.99;-;-;09.11.2020
Borderlands 3: Super Deluxe Edition;79.99;75%;19.99;12.09.2019
Borderlands 3: Ultimate Edition;99.99;-;-;09.11.2020
Diablo III: Reaper of Souls – Ultimate Evil Edition;Недоступно по отдельности;-;-;-
Издание Diablo® Prime Evil Collection;59.99;-;-;23.09.2021
Diablo III: Eternal Collection;59.99;-;-;27.06.2017
Batman: Return to Arkham;19.99;-;-;21.10.2016
Forza Motorsport 7: стандартное издание;Недоступно по отдельности;-;-;-
Издание WWE 2K23 Cross-Gen Digital;69.99;33%;46.89;16.03.2023
Издание WWE 2K23 Deluxe;99.99;-;-;13.03.2023
Издание WWE 2K23 Icon;119.99;33%;80.39;13.03.2023
DayZ;49.99;-;-;27.03.2019
DayZ Livonia Edition;54.99;-;-;03.12.2019
MY HERO ULTRA RUMBLE;-;-;-;-
3on3 FreeStyle;Бесплатно;-;-;29.08.2018
3on3 FreeStyle – Deluxe Edition Bundle;59.99;-;-;17.11.2021
3on3 FreeStyle – Ultimate Edition Bundle;89.99;-;-;17.11.2021
Battlefield™ 2042 для Xbox Series X|S;Недоступно по отдельности;-;-;-
Battlefield™ 2042 для Xbox One и Xbox Series X|S;69.99;-;-;18.11.2021
Omega Strikers;Бесплатно;-;-;03.05.2023
Left 4 Dead;-;-;-;-
HITMAN 3 - Free Starter Pack;Бесплатно;-;-;30.03.2021
HITMAN World of Assassination;69.99;50%;34.99;20.01.2022
The Elder Scrolls V: Skyrim Anniversary Edition;49.99;60%;19.99;11.11.2021
Dying Light;Недоступно по отдельности;-;-;-
Dying Light: Enhanced Edition;29.99;-;-;12.02.2016
Dying Light: Definitive Edition;49.99;-;-;27.05.2021
True Survivors Bundle;79.99;-;-;23.05.2023
Warframe;Бесплатно;-;-;02.09.2014
Resident Evil Village Gold Edition;56.99;40%;34.19;27.10.2022
FIFA 22 Xbox Series X|S;Недоступно по отдельности;-;-;-
PGA TOUR 2K23;59.99;70%;17.99;13.10.2022
PGA TOUR 2K23 Cross-Gen Edition;69.99;65%;24.49;13.10.2022
Набор PGA TOUR 2K23 x NBA 2K23;99.99;70%;29.99;13.12.2022
Издание Deluxe PGA TOUR 2K23;99.99;-;-;13.10.2022
Издание PGA TOUR 2K23 Tiger Woods;119.99;50%;59.99;13.10.2022
Lords of the Fallen;69.99;-;-;12.10.2023
Lords of the Fallen Deluxe Edition;79.99;-;-;13.10.2023
Far Cry® 6;59.99;-;-;07.10.2021
Far Cry® 6 Deluxe Edition;79.99;75%;19.99;12.01.2022
Far Cry® 6 Gold Edition;99.99;75%;24.99;06.10.2021
Far Cry® 6 Game of the Year Edition;119.99;-;-;05.10.2022
FAR CRY ANTHOLOGY BUNDLE;149.99;75%;37.49;23.10.2021
MLB® The Show™ 23 для Xbox Series X|S;69.99;30%;48.99;28.03.2023
MLB® The Show™ 23 для Xbox One;59.99;35%;38.99;28.03.2023
MLB® The Show™ 23: Эксклюзивное цифровое издание - Xbox One и Xbox Series X|S;99.99;20%;79.99;28.03.2023
WWE 2K22 для Xbox One;59.99;-;-;10.03.2022
Цифровой комплект WWE 2K22 Cross-Gen;79.99;-;-;10.03.2022
WWE 2K22 Deluxe Edition;99.99;-;-;10.03.2022
Издание WWE 2K22 nWo 4-Life Edition;119.99;-;-;10.03.2022
Atomic Heart;69.99;-;-;20.02.2023
Atomic Heart - Gold Edition;99.99;-;-;20.02.2023
Atomic Heart - Premium Edition;109.99;-;-;20.02.2023
Tom Clancy's Ghost Recon® Breakpoint;59.99;-;-;04.10.2019
Tom Clancy's Ghost Recon® Breakpoint Deluxe Edition;69.99;-;-;28.09.2021
Tom Clancy's Ghost Recon® Breakpoint Gold Edition;99.99;80%;19.99;03.10.2019
Tom Clancy's Ghost Recon® Breakpoint Ultimate Edition;119.99;80%;23.99;28.09.2021
Call of Duty®: Black Ops 4;Недоступно по отдельности;-;-;-
Call of Duty®: Black Ops 4;59.99;-;-;07.05.2019
Call of Duty®: Black Ops 4 - Digital Deluxe;99.99;60%;39.99;12.10.2018
Five Nights at Freddy's;7.99;-;-;29.11.2019
Five Nights at Freddy's: Original Series;31.49;-;-;29.10.2020
CarX Drift Racing Online;35.98;-;-;09.09.2020
Call of Duty®: Black Ops Cold War - набор 'Два поколения';69.99;60%;27.99;16.12.2020
Call of Duty®: Black Ops Cold War;59.99;-;-;16.12.2020
Комплект «Grand Theft Auto V: Premium Edition и платежная карта «Мегалодон»;89.99;-;-;19.12.2017
Grand Theft Auto V: Premium Edition;29.99;33%;20.09;19.12.2017
Комплект «Grand Theft Auto V: Premium Edition и платежная карта «Белая акула»;44.99;-;-;19.12.2017
Комплект «Grand Theft Auto V: Premium Edition и платежная карта «Акула-кит»;59.99;-;-;19.12.2017
UNO®;9.99;60%;3.99;16.08.2016
UNO™ Ultimate Edition;19.99;-;-;27.01.2021
eFootball™ 2023;Бесплатно;-;-;30.09.2021
AEW: Fight Forever;Недоступно по отдельности;-;-;-
AEW: Fight Forever - Pre-Order;52.99;-;-;29.06.2023
AEW: Fight Forever Elite Edition - Pre-Order;71.99;10%;64.79;29.06.2023
Tom Clancy’s Ghost Recon® Wildlands - Standard Edition;49.99;-;-;07.03.2017
Tom Clancy’s Ghost Recon® Wildlands Year 2 Gold Edition;79.99;80%;15.99;18.09.2018
Tom Clancy’s Ghost Recon® Wildlands Ultimate Edition;119.99;-;-;18.09.2018
Stranded Deep;23.98;-;-;20.04.2020
Star Wars: The Force Unleashed;8.14;-4%;8.49;10.05.2010
Watch Dogs®2;59.99;85%;8.99;15.11.2016
Watch Dogs®2 - Deluxe Edition;69.99;-;-;15.11.2016
Watch Dogs®2 - Gold Edition;99.99;85%;14.99;15.11.2016
Injustice™ 2;39.99;-;-;19.05.2017
Injustice™ 2 — легендарное издание;59.99;85%;8.99;29.03.2018
Комплект: Ultimate-издание MK11 + Injustice 2 - лег. Издание;99.99;85%;14.99;24.03.2021
Five Nights at Freddy's: Help Wanted;35.98;-;-;29.10.2020
AEW: Fight Forever Elite Edition - Pre-Order;71.99;10%;64.79;29.06.2023
AEW: Fight Forever - Pre-Order;52.99;-;-;29.06.2023
Totally Accurate Battle Simulator;23.98;-;-;20.12.2019
Minecraft Dungeons;19.99;-;-;26.05.2020
Minecraft Dungeons максимальный выпуск;39.99;-;-;28.07.2021
Five Nights at Freddy's: Sister Location;7.99;-;-;10.07.2020
Warhammer 40,000: Space Marine 2;-;-;-;-
No title;-;-;-;-
FIGHT NIGHT CHAMPION;20.37;-;-;08.11.2011
Sea of Thieves Deluxe Edition;49.99;50%;24.99;15.03.2023
Assassin's Creed® Истоки;59.99;-;-;27.10.2017
Assassin's Creed® Истоки - DELUXE EDITION;69.99;-;-;27.10.2017
Assassin's Creed® Истоки - GOLD EDITION;99.99;80%;19.99;27.10.2017
"Assassin's Creed - набор ""Мифология""";159.99;75%;39.99;09.01.2022
ЗВЁЗДНЫЕ ВОЙНЫ Джедаи: Павший Орден™ - издание Deluxe;59.99;-;-;14.11.2019
NBA LIVE 19;29.99;-;-;07.09.2018
Watch Dogs: Legion;59.99;85%;8.99;29.10.2020
Watch Dogs: Legion - Deluxe Edition;69.99;-;-;05.08.2021
No title;-;-;-;-
Watch Dogs: Legion - Ultimate Edition;119.99;-;-;29.10.2020
Набор Assassin’s Creed Вальгалла + Watch Dogs: Legion;129.99;75%;32.49;08.02.2021
PowerWash Simulator;24.99;-;-;14.07.2022
Batman: Коллекция Аркхема;59.99;80%;11.99;27.11.2018
Batman: Рыцарь Аркхема (Premium Edition);39.99;80%;7.99;23.06.2015
Fallout 3;9.99;70%;2.99;02.03.2010
Call of Duty®: Infinite Warfare;-;-;-;04.11.2016
Call of Duty®: Infinite Warfare - стартовое издание;59.99;-;-;04.11.2016
Call of Duty®: Infinite Warfare - Digital Legacy;79.99;60%;31.99;04.11.2016
Call of Duty®: Infinite Warfare - Digital Deluxe;99.99;-;-;04.11.2016
SpongeBob SquarePants: Battle for Bikini Bottom - Rehydrated;29.99;-;-;23.06.2020
Dragon Ball Xenoverse 1 and 2 Bundle;84.99;85%;12.74;28.10.2016
Dragon Ball Xenoverse: Time Travel Edition;64.99;-;-;27.02.2015
Ultimate Custom Night;7.99;-;-;30.04.2021
Star Wars: The Force Unleashed II;8.14;-;-;20.09.2011
Forza Horizon 5: premium-издание;83.32;50%;41.66;04.11.2021
Forza Horizon 5: стандартное издание;49.98;50%;24.99;08.11.2021
Forza Horizon 5: deluxe-издание;66.65;50%;33.32;08.11.2021
Madden NFL 20;Недоступно по отдельности;-;-;-
MONOPOLY PLUS;14.99;-;-;25.11.2014
MONOPOLY FAMILY FUN PACK;19.99;-;-;26.11.2014
MONOPOLY PLUS + MONOPOLY Переполох;49.99;-;-;08.12.2021
Hasbro Family Fun Pack;52.49;-;-;22.10.2015
Hasbro Family Fun Pack - Super Edition;59.99;-;-;25.10.2016
Rogue Company;Бесплатно;-;-;30.09.2020
"Rogue Company: набор ""Перегрузка системы""";2.49;-;-;28.02.2023
"Rogue Company: начальный набор ""Алый контракт""";2.49;-;-;07.09.2022
"Rogue Company: начальный набор ""Джук""";4.99;-;-;08.06.2022
"Rogue Company: набор ""Живая кукла""";5.99;-;-;18.10.2022
"Набор Rogue Company ""Радиоактивный призрак""";7.49;33%;5.01;05.10.2021
Rogue Company: Пропуск первого года;12.49;-;-;03.02.2021
"Rogue Company: Издание ""Агент""";12.49;60%;4.99;03.02.2021
"Rogue Company: Издание ""Ultimate""";24.99;60%;9.99;03.02.2021
Tom Clancy's Ghost Recon® Breakpoint Ultimate Edition;119.99;80%;23.99;28.09.2021
Tom Clancy's Ghost Recon® Breakpoint Deluxe Edition;69.99;-;-;28.09.2021
Tom Clancy's Ghost Recon® Breakpoint Gold Edition;99.99;80%;19.99;03.10.2019
RESIDENT EVIL 2;41.98;75%;10.49;25.01.2019
RESIDENT EVIL 2 Deluxe Edition;59.98;75%;14.99;25.01.2019
RACCOON CITY EDITION;72.00;75%;18.00;02.04.2020
Need for Speed™ Heat;59.99;-;-;07.11.2019
Need for Speed™ Heat — издание Deluxe;69.99;-;-;07.11.2019
Minecraft Preview;-;-;-;-
Ведьмак 3: Дикая Охота;Недоступно по отдельности;-;-;-
SMITE;Бесплатно;-;-;19.08.2015
"SMITE: набор ""Кибербунтарь""";19.99;50%;9.99;14.06.2022
"Набор SMITE ""Всемогущий Архонт""";19.99;50%;9.99;19.04.2022
"Набор SMITE ""Пушистая странница""";19.99;50%;9.99;21.12.2021
"Набор SMITE ""Геккон-страж""";19.99;-;-;15.06.2021
Люксовый набор SMITE x VShojo;34.99;-;-;16.05.2023
"Пропуск ""Десять лет SMITE""";39.99;-;-;13.01.2023
Десять лет SMITE Deluxe;59.99;50%;29.99;13.01.2023
The Walking Dead;Бесплатно;-;-;27.04.2012
Valheim (Предварительная версия игры);19.99;-;-;16.09.2022
Star Wars Battlefront II;6.78;-;-;23.04.2018
Издание WWE 2K23 Icon;119.99;33%;80.39;13.03.2023
Издание WWE 2K23 Deluxe;99.99;-;-;13.03.2023
Call of Duty®: Ghosts;-;-;-;-
Demon Slayer -Kimetsu no Yaiba- The Hinokami Chronicles Digital Deluxe Edition;66.99;50%;33.49;29.10.2021
Базовый набор дополнения Demon Slayer -Kimetsu no Yaiba- The Hinokami Chronicles;14.99;-;-;15.10.2021
Demon Slayer -Kimetsu no Yaiba- The Hinokami Chronicles;56.99;-;-;29.10.2021
Slime Rancher 2;29.99;25%;22.49;22.09.2022
PAYDAY 2: CRIMEWAVE EDITION;19.99;80%;3.99;12.06.2015
PAYDAY 2 — «КРИМИНАЛЬНАЯ ВОЛНА» — комплект БОЛЬШОЙ СЧЕТ!;49.99;-;-;15.09.2016
Мстители Marvel – Definitive-издание;39.99;85%;5.99;03.09.2020
Forza Motorsport 6;-;-;-;-
7 Days to Die;29.99;-;-;01.07.2016
Fallout 4: Game of the Year Edition;39.99;75%;9.99;26.09.2017
Zombie Army 4: Dead War;49.99;-;-;04.02.2020
Fallout 76;39.99;75%;9.99;14.11.2018
Fallout 76: The Pitt Deluxe Edition;59.99;60%;23.99;13.09.2022
Diablo III: Eternal Collection;59.99;-;-;27.06.2017
Издание Diablo® Prime Evil Collection;59.99;-;-;23.09.2021
Demon Slayer -Kimetsu no Yaiba- The Hinokami Chronicles;56.99;-;-;29.10.2021
Demon Slayer -Kimetsu no Yaiba- The Hinokami Chronicles Digital Deluxe Edition;66.99;50%;33.49;29.10.2021
Destiny - The Collection;59.99;-;-;20.09.2016
Call of Duty®: Ghosts;59.99;-;-;22.11.2013
Call of Duty: Ghosts Digital Hardened Edition;99.99;60%;39.99;22.11.2013
Midnight Club: Los Angeles Complete;8.14;-;-;06.07.2010
A Way Out;29.99;-;-;23.03.2018
Dead Island Definitive Collection;29.99;85%;4.49;31.05.2016
SnowRunner;39.99;-;-;18.05.2021
SnowRunner - 1-Anniversary Edition;49.99;-;-;18.05.2021
SnowRunner - 2-Year Anniversary Edition;79.99;-;-;08.12.2022
SnowRunner - 3-Year Anniversary Edition;99.99;-;-;08.12.2022
Diablo® II: Resurrected™;39.99;-;-;23.09.2021
Издание Diablo® Prime Evil;49.99;-;-;23.09.2021
Издание Diablo® Prime Evil Collection;59.99;-;-;23.09.2021
STAR WARS™ - Knights of the Old Republic™;6.78;-5%;7.09;12.09.2003
The Elder Scrolls® Online;19.99;70%;5.99;06.06.2017
Комплект: Ultimate-издание MK11 + Injustice 2 - лег. Издание;99.99;85%;14.99;24.03.2021
Ultimate-издание Mortal Kombat 11;59.99;-;-;17.11.2020
Звёздные войны. Эпизод III: Месть ситхов;6.78;-;-;04.05.2005
Sekiro™: Shadows Die Twice - издание 'Игра года';59.99;-;-;22.03.2019
Sifu;39.99;25%;29.99;28.03.2023
HITMAN 3;Недоступно по отдельности;-;-;-
HITMAN 3 - Free Starter Pack;Бесплатно;-;-;30.03.2021
HITMAN World of Assassination;69.99;50%;34.99;20.01.2022
Madden NFL 22 Xbox One;59.99;-;-;19.08.2021
Madden NFL 22: Издание MVP для Xbox One и Xbox Series X|S;99.99;-;-;19.08.2021
FOR HONOR™ Standard Edition;39.99;-;-;31.03.2017
FOR HONOR : MARCHING FIRE EDITION;59.99;-;-;16.10.2018
For Honor® Complete Edition;109.99;75%;27.49;18.12.2018
Call of Duty®: Modern Warfare® 2 Campaign Remastered;19.99;-;-;30.04.2020
«Ведьмак 3: Дикая Охота — Полное издание»;Недоступно по отдельности;-;-;-
Arma Reforger (Game Preview);29.99;-;-;13.05.2022
RESIDENT EVIL 7 biohazard;23.98;60%;9.59;24.01.2017
RESIDENT EVIL 7 biohazard Gold Edition;41.98;60%;16.79;24.01.2017
Resident Evil 7 Gold Edition & Village Gold Edition;79.99;50%;39.99;03.02.2023
MX vs ATV Legends;38.49;-;-;28.06.2022
MX vs ATV Legends Leader Pack;56.99;-;-;28.06.2022
Goat Simulator 3;29.99;-;-;17.11.2022
Goat Simulator 3 - Digital Downgrade Edition;39.99;-;-;17.11.2022
Evil West;59.99;-;-;21.11.2022
Freddy Fazbear's Pizzeria Simulator;7.99;-;-;31.10.2020
Star Wars KOTOR II;6.78;65%;2.37;23.04.2018
South Park™: The Fractured but Whole™;59.99;80%;11.99;17.10.2017
Комплект: South Park™ : The Stick of Truth™ + The Fractured but Whole™;79.99;75%;19.99;27.03.2018
South Park™: The Fractured but Whole™ - Gold Edition;89.99;75%;22.49;17.10.2017
Комплект «Grand Theft Auto V: Premium Edition и платежная карта «Акула-кит»;59.99;-;-;19.12.2017
Grand Theft Auto V: Premium Edition;29.99;33%;20.09;19.12.2017
Комплект «Grand Theft Auto V: Premium Edition и платежная карта «Белая акула»;44.99;-;-;19.12.2017
Комплект «Grand Theft Auto V: Premium Edition и платежная карта «Мегалодон»;89.99;-;-;19.12.2017
Набор PGA TOUR 2K23 x NBA 2K23;99.99;70%;29.99;13.12.2022
NBA 2K23 Digital Deluxe Edition;44.99;-;-;08.09.2022
NBA 2K23 Michael Jordan Edition;59.99;65%;20.99;08.09.2022
PGA TOUR 2K23 Cross-Gen Edition;69.99;65%;24.49;13.10.2022
Издание Deluxe PGA TOUR 2K23;99.99;-;-;13.10.2022
Издание PGA TOUR 2K23 Tiger Woods;119.99;50%;59.99;13.10.2022
DEAD ISLAND 2 GOLD EDITION;89.99;-;-;20.04.2023
DEAD ISLAND 2 DELUXE EDITION;74.99;-;-;20.04.2023
LEGO® Batman™ 2;9.50;75%;2.37;22.06.2012
ONE PIECE World Seeker Deluxe Edition;89.99;90%;8.99;15.03.2019
Rise of the Tomb Raider: 20 Year Celebration;29.99;-;-;11.10.2016
Minecraft: Story Mode - Episode 1: The Order of the Stone;-;-;-;-
Destiny;Недоступно по отдельности;-;-;09.09.2014
Destiny - The Collection;59.99;-;-;20.09.2016
Assassin's Creed® Синдикат;49.99;-;-;23.10.2015
Assassin's Creed® Синдикат Gold Edition;69.99;-;-;23.10.2015
Набор AC: Черный флаг, Единство, Синдикат;89.99;-;-;26.04.2016
DARK SOULS: REMASTERED;39.99;-;-;25.05.2018
Resident Evil 4 Deluxe Edition;69.99;-;-;24.03.2023
Издание Deluxe PGA TOUR 2K23;99.99;-;-;13.10.2022
PGA TOUR 2K23 Cross-Gen Edition;69.99;65%;24.49;13.10.2022
Издание PGA TOUR 2K23 Tiger Woods;119.99;50%;59.99;13.10.2022
Five Nights at Freddy's 2;7.99;-;-;29.11.2019
Five Nights at Freddy's: Original Series;31.49;-;-;29.10.2020
Enlisted;Бесплатно;-;-;08.04.2021
Alan Wake Remastered;24.99;-;-;04.10.2021
Call of Duty®: Vanguard;-;-;-;-
Call of Duty®: Vanguard - Standard Edition;59.99;-;-;09.11.2021
Call of Duty®: Vanguard - набор 'Два поколения';69.99;50%;34.99;09.11.2021
GoldenEye 007;Недоступно по отдельности;-;-;-
Ретроспектива Rare;29.99;75%;7.49;04.08.2015
Ghostwire: Tokyo;59.99;60%;23.99;12.04.2023
Ghostwire: Tokyo Deluxe Edition;79.99;60%;31.99;12.04.2023
Far Cry® 6 Gold Edition;99.99;75%;24.99;06.10.2021
Far Cry® 6 Deluxe Edition;79.99;75%;19.99;12.01.2022
Far Cry® 6 Game of the Year Edition;119.99;-;-;05.10.2022
Call of Duty® 2;13.58;-7%;14.49;06.08.2009
Insurgency: Sandstorm;39.99;-;-;28.09.2021
Insurgency: Sandstorm - Deluxe Edition;79.99;-;-;28.09.2021
Insurgency: Sandstorm - Gold Edition;89.99;-;-;28.09.2021
No Man's Sky;59.99;50%;29.99;24.07.2018
STAR WARS™ Battlefront™ II: Праздничное издание;39.99;75%;9.99;05.12.2019
Warface;Бесплатно;-;-;09.10.2018
Jurassic World Evolution 2;48.49;-;-;09.11.2021
Jurassic World Evolution 2 Deluxe Edition;57.49;-;-;09.11.2021
Комплект «Господство» для Jurassic World Evolution 2;78.49;-;-;08.12.2022
LEGO Marvel Super Heroes;19.99;80%;3.99;26.08.2014
LEGO® Коллекция Marvel;59.99;75%;14.99;12.03.2019
NBA 2K21;59.99;-;-;04.09.2020
Resident Evil 5;23.98;60%;9.59;28.06.2016
Набор Resident Evil «3 в 1»;71.38;67%;23.55;18.10.2016
Enlisted Xbox One;Бесплатно;-;-;07.10.2021
Back 4 Blood;59.99;-;-;12.10.2021
Back 4 Blood: Deluxe-издание;89.99;-;-;12.10.2021
Back 4 Blood: Ultimate-издание;99.99;80%;19.99;11.10.2021
Guilty Gear -Strive-;39.99;-;-;07.03.2023
Guilty Gear -Strive- + Season Pass 1;59.99;-;-;07.03.2023
Guilty Gear -Strive- Ultimate Edition 2022;79.99;-;-;07.03.2023
Five Nights at Freddy's 4;7.99;-;-;29.11.2019
Five Nights at Freddy's: Original Series;31.49;-;-;29.10.2020
RACCOON CITY EDITION;72.00;75%;18.00;02.04.2020
RESIDENT EVIL 3;54.00;75%;13.50;02.04.2020
RESIDENT EVIL 2 Deluxe Edition;59.98;75%;14.99;25.01.2019
Sonic Frontiers Digital Deluxe Edition;69.99;-;-;08.11.2022
METAL GEAR SOLID HD EDITION: 2 & 3;-;-;-;-
Dead Rising 3: Apocalypse Edition;35.98;70%;10.79;30.09.2014
RESIDENT EVIL 3;54.00;75%;13.50;02.04.2020
RACCOON CITY EDITION;72.00;75%;18.00;02.04.2020
Южный парк™: Палка Истины™;29.99;-;-;13.02.2018
Комплект: South Park™ : The Stick of Truth™ + The Fractured but Whole™;79.99;75%;19.99;27.03.2018
PGA TOUR 2K23 Cross-Gen Edition;69.99;65%;24.49;13.10.2022
Издание Deluxe PGA TOUR 2K23;99.99;-;-;13.10.2022
Издание PGA TOUR 2K23 Tiger Woods;119.99;50%;59.99;13.10.2022
Resident Evil Village;44.99;50%;22.49;07.05.2021
Resident Evil Village Gold Edition;56.99;40%;34.19;27.10.2022
Resident Evil 7 Gold Edition & Village Gold Edition;79.99;50%;39.99;03.02.2023
Madden NFL 21 Xbox Series X|S;Недоступно по отдельности;-;-;-
Cities: Skylines - Xbox One Edition;39.99;-;-;21.04.2017
Cities: Skylines + Surviving Mars;59.99;-;-;24.07.2018
Cities: Skylines - Premium Edition 2;69.99;-;-;01.02.2019
Cities: Skylines - Mayor's Edition;99.99;-;-;31.01.2019
Call of Duty®: Infinite Warfare - стартовое издание;59.99;-;-;04.11.2016
Call of Duty®: Infinite Warfare - Digital Legacy;79.99;60%;31.99;04.11.2016
Call of Duty®: Infinite Warfare - Digital Deluxe;99.99;-;-;04.11.2016
Eastern Exorcist;17.99;-;-;18.05.2023
LEGO® Marvel Super Heroes 2;19.99;-;-;17.11.2017
LEGO® Marvel Super Heroes 2 Издание делюкс;34.99;85%;5.24;17.11.2017
LEGO® Коллекция Marvel;59.99;75%;14.99;12.03.2019
Call of Duty® 4: Modern Warfare®;20.37;-;-;09.11.2007
Gears 5;39.99;70%;11.99;09.09.2019
Gears 5: издание «Игра года»;59.99;67%;19.79;15.12.2020
Тройной комплект Gears;79.99;50%;39.99;18.06.2021
Dying Light: Definitive Edition;49.99;-;-;27.05.2021
Dying Light: Enhanced Edition;29.99;-;-;12.02.2016
DRIFTCE;29.99;-;-;11.05.2023
No title;-;-;-;-
FIFA 21 Xbox One;Недоступно по отдельности;-;-;-
No title;-;-;-;-
Path of Titans (Game Preview);Недоступно по отдельности;-;-;22.07.2022
«Путь титанов»: стандартный набор «Истоки» - (Предварительная версия игры);29.99;-;-;27.07.2022
Path of Titans Пакет основателей Делюкс (Предварительная версия игры);59.99;-;-;27.07.2022
STREET FIGHTER IV;10.18;-8%;10.99;17.03.2010
Terraria;19.99;-;-;14.11.2014
The Walking Dead: Season Two;Бесплатно;-;-;29.01.2014
Saints Row 2;6.78;-;-;01.06.2010
Splitgate;Бесплатно;-;-;13.07.2021
Splitgate - Starter Weapon Bundle;4.99;-;-;25.08.2021
Splitgate - Starter Character Bundle;14.99;-;-;25.08.2021
Splitgate - Gold Edition Bundle;24.99;-;-;25.08.2021
Borderlands 2;-;-;-;-
Borderlands: The Handsome Collection;39.99;-;-;27.03.2015
Borderlands Legendary Collection;49.99;60%;19.99;28.05.2020
Warhammer 40,000: Battlesector;39.99;-;-;02.12.2021
DRAGON BALL FIGHTERZ - FighterZ Edition;94.99;85%;14.24;26.01.2018
DRAGON BALL FIGHTERZ - FighterZ Pass;41.98;-;-;26.01.2018
DRAGON BALL FIGHTERZ - Ultimate Edition;109.99;-;-;26.01.2018
Hello Neighbor 2;39.99;-;-;05.12.2022
Hello Neighbor 2 Deluxe Edition;59.99;-;-;30.11.2022
theHunter: Call of the Wild™ — Greenhorn Bundle;39.99;-;-;21.12.2022
theHunter: Call of the Wild™ - Master Hunter Bundle;59.99;-;-;21.11.2022
Peaky Blinders: Mastermind;24.99;-;-;20.08.2020
Assassin's Creed® Изгой. Обновленная версия;29.99;-;-;20.03.2018
Губка Боб Квадратные Штаны : The Cosmic Shake;47.49;-;-;31.01.2023
Far Cry Primal - Apex Edition;54.99;67%;18.14;23.02.2016
Resident Evil 6;23.98;60%;9.59;29.03.2016
Набор Resident Evil «3 в 1»;71.38;67%;23.55;18.10.2016
LEGO Batman;9.50;-4%;9.89;09.06.2010
Max Payne 3;19.42;-;-;15.05.2012
No title;-;-;-;-
Трансформеры: Падение Кибертрона;-;-;-;-
NASCAR Heat 5;19.99;35%;12.99;09.07.2020
NASCAR Heat 5 - Ultimate Edition;29.99;-;-;09.06.2021
Assassin's Creed Вальгалла Complete Edition;139.99;-;-;09.04.2022
Assassin's Creed® Вальгалла Deluxe Edition;79.99;-;-;05.08.2021
Assassin's Creed Вальгалла Ragnarök Edition;99.99;-;-;09.04.2022
Набор Assassin's Creed Вальгалла + Immortals Fenyx Rising;109.99;75%;27.49;15.03.2021
Набор Assassin’s Creed Вальгалла + Watch Dogs: Legion;129.99;75%;32.49;08.02.2021
"Assassin's Creed - набор ""Мифология""";159.99;75%;39.99;09.01.2022
Red Dead Revolver;14.53;-;-;03.05.2004
Goat Simulator;9.99;-;-;17.04.2015
Goat Simulator: Waste Of Space Bundle;13.99;-;-;22.03.2017
Goat Simulator: The GOATY;29.99;-;-;21.12.2017
DOOM Eternal Standard Edition;39.99;67%;13.19;19.03.2020
DOOM Eternal Deluxe Edition;69.99;67%;23.09;19.03.2020
Destroy All Humans! - Clone Carnage;Бесплатно;-;-;31.05.2022
Destroy All Humans! - Jumbo Pack;79.99;-;-;30.08.2022
Sniper Elite 5;59.99;-;-;26.05.2022
DRAGON BALL Z: KAKAROT Deluxe Edition;89.99;75%;22.49;16.01.2020
DRAGON BALL Z: KAKAROT Legendary Edition;119.99;-;-;03.02.2023
Assassin's Creed;6.78;-;-;03.08.2010
No title;-;-;-;-
World of Warships: Legends;Бесплатно;-;-;12.08.2019
World of Warships: Legends – Радость командира;Бесплатно;-;-;08.06.2023
World of Warships: Legends — Резвый старт 5;Бесплатно;-;-;13.04.2023
World of Warships: Legends — Объединённые силы;Бесплатно;-;-;13.12.2022
World of Tanks: Modern Armor — В едином порыве;Бесплатно;-;-;13.12.2022
World of Warships: Legends — Живая легенда;9.99;-;-;09.11.2020
World of Warships: Legends — Счастливый феникс;39.99;-;-;17.04.2023
Descenders;24.99;-;-;07.05.2019
resident evil 4 (2005);23.98;60%;9.59;30.08.2016
Набор Resident Evil «3 в 1»;71.38;67%;23.55;18.10.2016
SD GUNDAM BATTLE ALLIANCE;59.99;-;-;25.08.2022
SD GUNDAM BATTLE ALLIANCE Deluxe Edition;74.99;50%;37.49;25.08.2022
WWE 2K22 для Xbox Series X|S;69.99;-;-;10.03.2022
Цифровой комплект WWE 2K22 Cross-Gen;79.99;-;-;10.03.2022
WWE 2K22 Deluxe Edition;99.99;-;-;10.03.2022
Издание WWE 2K22 nWo 4-Life Edition;119.99;-;-;10.03.2022
MechWarrior 5: Mercenaries;35.98;-;-;27.05.2021
MechWarrior 5: Mercenaries - JumpShip Edition;71.98;-;-;23.09.2021
World of Tanks;Бесплатно;-;-;28.07.2015
World of Tanks;Бесплатно;-;-;06.06.2023
World of Warships: Legends — Объединённые силы;Бесплатно;-;-;13.12.2022
World of Tanks: Modern Armor — В едином порыве;Бесплатно;-;-;13.12.2022
Call of Duty® 3;13.58;-7%;14.49;06.10.2009
Farming Simulator 22 - Platinum Edition;59.99;-;-;14.11.2022
Transformers: The Dark Spark;-;-;-;-
FIFA 18;Недоступно по отдельности;-;-;-
Dying Light: Enhanced Edition;29.99;-;-;12.02.2016
Dying Light: Definitive Edition;49.99;-;-;27.05.2021
It Takes Two — Цифровая версия;39.99;-;-;25.03.2021
It Takes Two — версия для друга;Бесплатно;-;-;25.03.2021
Bully: Scholarship Edition;9.50;-4%;9.89;11.06.2013
Immortals Fenyx Rising™;59.99;-;-;03.12.2020
IMMORTALS FENYX RISING - GOLD EDITION;99.99;75%;24.99;02.12.2020
Набор Assassin's Creed Вальгалла + Immortals Fenyx Rising;109.99;75%;27.49;15.03.2021
MLB® The Show™ 22 Xbox Series X | S;Недоступно по отдельности;-;-;-
MLB® The Show™ 22 для Xbox Series X|S;69.99;-;-;05.04.2022
MLB® The Show™ 22: Издание MVP - Xbox One and Xbox Series X|S;84.99;-;-;05.04.2022
No title;-;-;-;-
No title;-;-;-;-
Generation Zero®;29.99;-;-;26.03.2019
Generation Zero ® - Base Warfare Starter Bundle;37.99;-;-;23.06.2022
Generation Zero® - Resistance Bundle;39.99;-;-;25.08.2020
Generation Zero ® - Ultimate Bundle;69.99;-;-;25.05.2023
«The Walking Dead: Финальный сезон» — The Complete Season;19.99;-;-;14.08.2018
Slime Rancher;23.98;75%;5.99;01.08.2017
Age of Empires II: Definitive Edition;19.99;-;-;31.01.2023
Age of Empires II: Deluxe Definitive Edition Bundle;39.99;-;-;31.01.2023
LEGO Star Wars: TCS;8.14;-4%;8.49;06.08.2009
Chivalry 2;39.99;-;-;08.06.2021
Chivalry 2 Special Edition;49.99;-;-;08.06.2021
Chivalry 2 King's Edition;59.99;-;-;19.10.2022
Silent Hill: HD Collection;16.29;-;-;27.11.2012
EA SPORTS™ UFC® 2;Недоступно по отдельности;-;-;-
Call of Duty®: Black Ops 4 - Digital Deluxe;99.99;60%;39.99;12.10.2018
Green Hell;Недоступно по отдельности;-;-;-
Warhammer: Vermintide 2;29.99;-;-;11.07.2018
Warhammer: Vermintide 2 – Winds of Magic Bundle;37.49;-;-;18.12.2019
Vermintide Collection;39.99;-;-;28.08.2018
Warhammer: Vermintide 2 - Premium Edition;44.99;-;-;11.07.2018
Warhammer: Vermintide 2 - Ultimate Edition;54.99;-;-;18.12.2018
Forza Motorsport 5;-;-;-;-
The Mageseeker: A League of Legends Story™;29.99;-;-;18.04.2023
The Mageseeker: A League of Legends Story™ – эксклюзивное издание;39.99;-;-;18.04.2023
Grand Theft Auto: Vice City – The Definitive Edition;Недоступно по отдельности;-;-;-
Grand Theft Auto: The Trilogy – The Definitive Edition;59.99;50%;29.99;11.11.2021
«Путь титанов»: стандартный набор «Истоки» - (Предварительная версия игры);29.99;-;-;27.07.2022
Path of Titans Пакет основателей Делюкс (Предварительная версия игры);59.99;-;-;27.07.2022
Stardew Valley;14.99;-;-;14.12.2016
AEW: Fight Forever - Pre-Order;52.99;-;-;29.06.2023
AEW: Fight Forever Elite Edition - Pre-Order;71.99;10%;64.79;29.06.2023
Sonic Adventure™ 2;5.42;-;-;05.10.2012
ULTIMATE MARVEL VS. CAPCOM 3;29.98;-;-;07.03.2017
DARK SOULS™ III;69.99;-;-;12.04.2016
DARK SOULS™ III - Deluxe Edition;94.49;-;-;12.04.2016
CRISIS CORE –FINAL FANTASY VII– REUNION;49.99;30%;34.99;12.12.2022
CRISIS CORE –FINAL FANTASY VII– REUNION DIGITAL DELUXE EDITION;69.99;30%;48.99;13.12.2022
Neverwinter;Бесплатно;-;-;31.03.2015
Space Jam: A New Legacy - The Game;Бесплатно;-;-;15.07.2021
MLB® The Show™ 23: Эксклюзивное цифровое издание - Xbox One и Xbox Series X|S;99.99;20%;79.99;28.03.2023
MLB® The Show™ 23 для Xbox One;59.99;35%;38.99;28.03.2023
MLB® The Show™ 23 для Xbox Series X|S;69.99;30%;48.99;28.03.2023
NARUTO SHIPPUDEN: Ultimate Ninja STORM 4 Road to Boruto;49.99;-;-;03.02.2017
NARUTO STORM 4 - Season Pass;23.98;-;-;05.02.2016
NARUTO SHIPPUDEN: Ultimate Ninja STORM Legacy;69.99;-;-;25.08.2017
Cuphead;23.98;-;-;29.09.2017
Cuphead & The Delicious Last Course;26.99;-;-;30.06.2022
Золотое издание Call of Duty®: Advanced Warfare;59.99;-;-;07.04.2015
Call of Duty®: Advanced Warfare Digital Pro Edition;99.99;60%;39.99;03.11.2014
SONIC UNLEASHED;8.14;-4%;8.49;29.01.2015
Human Fall Flat;19.99;-;-;12.05.2017
Flailing Limbs Bundle;24.99;-;-;28.08.2018
NARUTO X BORUTO Ultimate Ninja STORM CONNECTIONS;-;-;-;-
Madden NFL 25;-;-;-;-
Saints Row®: The Third™;8.14;-;-;15.05.2012
Издание LEGO® 2K Drive Cross-Gen Standard Edition;69.99;-;-;18.05.2023
Издание LEGO® 2K Drive Awesome Edition;99.99;-;-;15.05.2023
Издание LEGO® 2K Drive Awesome Rivals Edition;119.99;-;-;15.05.2023
Call of Duty®: Modern Warfare® Обновленная версия;39.99;-;-;04.11.2016
Call of Duty®: Infinite Warfare - Digital Legacy;79.99;60%;31.99;04.11.2016
Call of Duty®: Infinite Warfare - Digital Deluxe;99.99;-;-;04.11.2016
Sid Meier's Civilization VI;29.99;80%;5.99;21.11.2019
Sid Meier’s Civilization® VI Platinum Edition;49.99;-;-;27.07.2021
Sid Meier’s Civilization® VI Anthology;69.99;-;-;13.07.2021
METAL GEAR RISING: REVENGEANCE;9.50;-;-;28.05.2013
MONSTER HUNTER: WORLD™;23.98;25%;17.98;26.01.2018
Monster Hunter World: Iceborne, расшир. Издание;47.98;25%;35.98;30.09.2019
Monster Hunter World: Iceborne, расшир. издание Digital Deluxe;59.98;25%;44.98;30.09.2019
The Elder Scrolls Online: Tamriel Unlimited;Недоступно по отдельности;-;-;-
The Elder Scrolls® Online;19.99;70%;5.99;06.06.2017
The Elder Scrolls Online Collection: High Isle;49.99;-;-;21.06.2022
The Elder Scrolls Online Collection: Necrom;59.99;-;-;20.06.2023
The Elder Scrolls Online Collection: High Isle Collector's Edition;69.99;-;-;21.06.2022
The Elder Scrolls Online Deluxe Collection: Necrom;79.99;-;-;20.06.2023
Call of Duty®: Vanguard - Xbox Series X|S;Недоступно по отдельности;-;-;-
Call of Duty®: Vanguard - набор 'Два поколения';69.99;50%;34.99;09.11.2021
Battlefield™ V;Недоступно по отдельности;-;-;-
Battlefield™ V - стандартное издание;39.99;-;-;25.09.2019
Battlefield™ V — самое полное издание;49.99;75%;12.49;22.10.2020
PGA TOUR 2K23;Недоступно по отдельности;-;-;-
PGA TOUR 2K23 Cross-Gen Edition;69.99;65%;24.49;13.10.2022
Набор PGA TOUR 2K23 x NBA 2K23;99.99;70%;29.99;13.12.2022
Издание Deluxe PGA TOUR 2K23;99.99;-;-;13.10.2022
Издание PGA TOUR 2K23 Tiger Woods;119.99;50%;59.99;13.10.2022
LEGO® Batman™ 3: Покидая Готэм;19.99;-;-;14.11.2014
LEGO® Batman™ 3: Beyond Gotham Deluxe Edition;34.99;85%;5.24;14.11.2014
Комплект LEGO® «Герои и злодеи DC»;59.99;80%;11.99;26.03.2020
Комплект: South Park™ : The Stick of Truth™ + The Fractured but Whole™;79.99;75%;19.99;27.03.2018
South Park™: The Fractured but Whole™ - Gold Edition;89.99;75%;22.49;17.10.2017
Tom Clancy's Rainbow Six® Осада Operator Edition;79.99;-;-;07.03.2023
Tom Clancy's Rainbow Six® Осада Deluxe Edition;39.99;67%;13.19;07.03.2023
Tom Clancy's Rainbow Six® Осада Ultimate Edition;99.99;45%;54.99;07.03.2023
MX vs ATV All Out;29.99;-;-;27.03.2018
Forza Horizon 3;Недоступно по отдельности;-;-;-
LEGO® Звездные Войны™: Скайуокер. Сага;59.99;-;-;04.04.2022
LEGO® Звездные Войны™: Скайуокер. Сага - Deluxe;69.99;-;-;04.04.2022
STAR WARS The Clone Wars;6.78;-5%;7.09;22.04.2003
Shadow of the Tomb Raider Definitive Edition;39.99;-;-;05.11.2019
Tomb Raider: Definitive Survivor Trilogy;59.98;60%;23.99;17.03.2021
The Walking Dead: The Complete First Season;14.99;-;-;31.10.2014
Wobbly Life;18.58;20%;14.86;16.07.2021
Симулятор ОЛЕЕЕЕНЯ: Самая обычная оленья игра;19.99;-;-;23.11.2021
Набор Resident Evil «3 в 1»;71.38;67%;23.55;18.10.2016
Sudden Strike 4 - Complete Collection;39.99;-;-;02.09.2019
LEGO® Коллекция Marvel;59.99;75%;14.99;12.03.2019
Сезонный абонемент на Мстителей LEGO® Marvel;9.99;-;-;29.01.2016
Сезонный абонемент LEGO® Marvel Super Heroes 2;14.99;-;-;17.11.2017
"Коллекционное издание игры ""LEGO® Marvel's Мстители""";29.99;85%;4.49;29.01.2016
LEGO® Marvel Super Heroes 2 Издание делюкс;34.99;85%;5.24;17.11.2017
Call of Duty®: Advanced Warfare;-;-;-;-
Золотое издание Call of Duty®: Advanced Warfare;59.99;-;-;07.04.2015
Call of Duty®: Advanced Warfare Digital Pro Edition;99.99;60%;39.99;03.11.2014
Fable III;9.50;50%;4.75;29.10.2010
Riders Republic™;59.99;-;-;27.10.2021
RIDERS REPUBLIC DELUXE EDITION;79.99;-;-;12.01.2022
Riders Republic™ Gold Edition;99.99;75%;24.99;27.10.2021
Riders Republic™ Ultimate Edition;119.99;75%;29.99;27.10.2021
Need for Speed™ Payback;19.99;-;-;10.11.2017
Need for Speed™ Payback - Издание Deluxe;29.99;-;-;07.11.2017
Need for Speed™: Уникальный набор;59.99;-;-;22.12.2017
DRAGON BALL Z: KAKAROT Legendary Edition;119.99;-;-;03.02.2023
Assassin's Creed® Вальгалла Deluxe Edition;79.99;-;-;05.08.2021
Assassin's Creed Вальгалла Ragnarök Edition;99.99;-;-;09.04.2022
Набор Assassin's Creed Вальгалла + Immortals Fenyx Rising;109.99;75%;27.49;15.03.2021
Набор Assassin’s Creed Вальгалла + Watch Dogs: Legion;129.99;75%;32.49;08.02.2021
Assassin's Creed Вальгалла Complete Edition;139.99;-;-;09.04.2022
"Assassin's Creed - набор ""Мифология""";159.99;75%;39.99;09.01.2022
Age of Wonders 4;49.99;-;-;02.05.2023
Age of Wonders 4: Premium Edition;89.99;-;-;02.05.2023
Sonic Adventure;2.70;-;-;11.09.2012
DEAD ISLAND 2 DELUXE EDITION;74.99;-;-;20.04.2023
DEAD ISLAND 2 GOLD EDITION;89.99;-;-;20.04.2023
MONOPOLY FAMILY FUN PACK;19.99;-;-;26.11.2014
MONOPOLY PLUS + MONOPOLY Переполох;49.99;-;-;08.12.2021
Hasbro Family Fun Pack;52.49;-;-;22.10.2015
Hasbro Family Fun Pack - Super Edition;59.99;-;-;25.10.2016
Yu-Gi-Oh! Master Duel;Бесплатно;-;-;19.01.2022
Golf With Your Friends;19.99;-;-;18.05.2020
LEGO® Marvel's Мстители;19.99;-;-;29.01.2016
"Коллекционное издание игры ""LEGO® Marvel's Мстители""";29.99;85%;4.49;29.01.2016
LEGO® Коллекция Marvel;59.99;75%;14.99;12.03.2019
EA SPORTS™ FIFA 20;Недоступно по отдельности;-;-;-
Стражи Галактики Marvel;59.99;-;-;25.10.2021
MXGP 2021 - The Official Motocross Videogame;59.99;-;-;29.11.2021
LEGO® Властелин колец™;Недоступно по отдельности;-;-;-
Ghostrunner;29.99;60%;11.99;27.10.2020
Ghostrunner: Complete Edition;39.99;25%;29.99;29.06.2022
On The Road The Truck Simulator;35.98;-;-;11.02.2021
Big Rumble Boxing: Creed Champions;39.99;-;-;03.09.2021
Outlast 2;35.98;-;-;25.04.2017
LEGO® Worlds;29.99;-;-;10.03.2017
L.A. Noire;39.99;-;-;14.11.2017
Dead Island Definitive Edition;19.99;85%;2.99;31.05.2016
Dead Island Definitive Collection;29.99;85%;4.49;31.05.2016
Way of the Hunter;39.99;-;-;16.08.2022
Way of the Hunter: Elite Edition;54.99;-;-;16.08.2022
Forza Horizon;-;-;-;-
ONE PIECE ODYSSEY;69.99;-;-;12.01.2023
ONE PIECE ODYSSEY Deluxe Edition;94.99;30%;66.49;12.01.2023
TEKKEN 8;-;-;-;-
Star Trek: Resurgence;39.99;-;-;23.05.2023
Resident Evil Operation Raccoon City;12.22;-;-;20.03.2012
No title;-;-;-;-
Ancestors: The Humankind Odyssey;39.99;-;-;05.12.2019
Forza Horizon 5: deluxe-издание;66.65;50%;33.32;08.11.2021
Forza Horizon 5: стандартное издание;49.98;50%;24.99;08.11.2021
Forza Horizon 5: premium-издание;83.32;50%;41.66;04.11.2021
